warmup,run_id,message_id,source_row_id,source_timestamp_utc,client_started_at_utc,client_ended_at_utc,http_status,contract_ok,deadline_met,end_to_end_ms,server_processing_ms,storage_write_ms,client_network_overhead_ms,request_bytes,response_bytes,function_version,azure_received_at_utc,azure_persisted_at_utc,error
True,azure-live-20260802T165654Z,msg-00000,historical:000000,2026-05-19T17:10:55.418478500+00:00,2026-08-02T16:56:54.964+00:00,2026-08-02T16:56:55.587+00:00,200,True,True,622.974,232.828,228.065,390.146,527,614,v3.0-azure-live-replay,2026-08-02T16:56:55.352Z,2026-08-02T16:56:55.585Z,
True,azure-live-20260802T165654Z,msg-00001,historical:000451,2026-05-19T18:09:38.013511600+00:00,2026-08-02T16:56:55.588+00:00,2026-08-02T16:56:55.646+00:00,200,True,True,57.575,10.785,10.272,46.79,551,612,v3.0-azure-live-replay,2026-08-02T16:56:55.761Z,2026-08-02T16:56:55.772Z,
True,azure-live-20260802T165654Z,msg-00002,historical:000903,2026-05-19T18:38:06.186868200+00:00,2026-08-02T16:56:55.647+00:00,2026-08-02T16:56:55.702+00:00,200,True,True,55.062,8.993,8.421,46.069,551,610,v3.0-azure-live-replay,2026-08-02T16:56:55.824Z,2026-08-02T16:56:55.832Z,
True,azure-live-20260802T165654Z,msg-00003,historical:001355,2026-05-19T19:05:45.290677400+00:00,2026-08-02T16:56:55.703+00:00,2026-08-02T16:56:55.754+00:00,200,True,True,50.952,12.589,12.191,38.363,555,612,v3.0-azure-live-replay,2026-08-02T16:56:55.872Z,2026-08-02T16:56:55.885Z,
True,azure-live-20260802T165654Z,msg-00004,historical:001807,2026-05-19T19:35:07.386381400+00:00,2026-08-02T16:56:55.755+00:00,2026-08-02T16:56:55.803+00:00,200,True,True,47.477,8.572,8.195,38.905,555,610,v3.0-azure-live-replay,2026-08-02T16:56:55.924Z,2026-08-02T16:56:55.933Z,
False,azure-live-20260802T165654Z,msg-00005,historical:002258,2026-05-19T20:06:37.957359800+00:00,2026-08-02T16:56:55.804+00:00,2026-08-02T16:56:55.851+00:00,200,True,True,47.101,8.412,8.069,38.689,555,610,v3.0-azure-live-replay,2026-08-02T16:56:55.973Z,2026-08-02T16:56:55.982Z,
False,azure-live-20260802T165654Z,msg-00006,historical:002710,2026-05-19T20:35:17.129689200+00:00,2026-08-02T16:56:55.852+00:00,2026-08-02T16:56:55.904+00:00,200,True,True,51.483,10.985,10.461,40.498,555,612,v3.0-azure-live-replay,2026-08-02T16:56:56.022Z,2026-08-02T16:56:56.033Z,
False,azure-live-20260802T165654Z,msg-00007,historical:003162,2026-05-19T21:03:25.804200700+00:00,2026-08-02T16:56:55.904+00:00,2026-08-02T16:56:55.953+00:00,200,True,True,48.576,9.574,9.13,39.002,555,609,v3.0-azure-live-replay,2026-08-02T16:56:56.074Z,2026-08-02T16:56:56.084Z,
False,azure-live-20260802T165654Z,msg-00008,historical:003614,2026-05-19T21:31:05.556129600+00:00,2026-08-02T16:56:55.954+00:00,2026-08-02T16:56:56.004+00:00,200,True,True,50.01,9.189,8.4,40.821,555,608,v3.0-azure-live-replay,2026-08-02T16:56:56.125Z,2026-08-02T16:56:56.135Z,
False,azure-live-20260802T165654Z,msg-00009,historical:004065,2026-05-19T21:59:10.875050700+00:00,2026-08-02T16:56:56.005+00:00,2026-08-02T16:56:56.058+00:00,200,True,True,53.056,9.908,9.331,43.148,555,610,v3.0-azure-live-replay,2026-08-02T16:56:56.177Z,2026-08-02T16:56:56.187Z,
False,azure-live-20260802T165654Z,msg-00010,historical:004517,2026-05-19T22:27:09.150499300+00:00,2026-08-02T16:56:56.060+00:00,2026-08-02T16:56:56.106+00:00,200,True,True,45.999,8.074,7.736,37.925,555,610,v3.0-azure-live-replay,2026-08-02T16:56:56.228Z,2026-08-02T16:56:56.236Z,
False,azure-live-20260802T165654Z,msg-00011,historical:004969,2026-05-19T22:55:10.919789700+00:00,2026-08-02T16:56:56.107+00:00,2026-08-02T16:56:56.156+00:00,200,True,True,49.883,8.935,8.588,40.948,555,610,v3.0-azure-live-replay,2026-08-02T16:56:56.280Z,2026-08-02T16:56:56.289Z,
False,azure-live-20260802T165654Z,msg-00012,historical:005421,2026-05-19T23:23:16.336412+00:00,2026-08-02T16:56:56.157+00:00,2026-08-02T16:56:56.204+00:00,200,True,True,46.547,8.133,7.674,38.414,552,610,v3.0-azure-live-replay,2026-08-02T16:56:56.327Z,2026-08-02T16:56:56.335Z,
False,azure-live-20260802T165654Z,msg-00013,historical:005872,2026-05-19T23:50:59.018098700+00:00,2026-08-02T16:56:56.205+00:00,2026-08-02T16:56:56.250+00:00,200,True,True,45.675,8.183,7.896,37.492,555,610,v3.0-azure-live-replay,2026-08-02T16:56:56.374Z,2026-08-02T16:56:56.382Z,
False,azure-live-20260802T165654Z,msg-00014,historical:006324,2026-05-20T00:19:39.916015400+00:00,2026-08-02T16:56:56.251+00:00,2026-08-02T16:56:56.297+00:00,200,True,True,45.659,7.942,7.673,37.717,555,610,v3.0-azure-live-replay,2026-08-02T16:56:56.421Z,2026-08-02T16:56:56.428Z,
False,azure-live-20260802T165654Z,msg-00015,historical:006776,2026-05-20T00:47:26.783646200+00:00,2026-08-02T16:56:56.298+00:00,2026-08-02T16:56:56.349+00:00,200,True,True,51.262,9.371,9.117,41.891,555,610,v3.0-azure-live-replay,2026-08-02T16:56:56.467Z,2026-08-02T16:56:56.476Z,
False,azure-live-20260802T165654Z,msg-00016,historical:007228,2026-05-20T01:15:26.704982400+00:00,2026-08-02T16:56:56.350+00:00,2026-08-02T16:56:56.396+00:00,200,True,True,45.603,8.713,8.469,36.89,555,610,v3.0-azure-live-replay,2026-08-02T16:56:56.519Z,2026-08-02T16:56:56.528Z,
False,azure-live-20260802T165654Z,msg-00017,historical:007679,2026-05-20T01:43:15.835740800+00:00,2026-08-02T16:56:56.396+00:00,2026-08-02T16:56:56.443+00:00,200,True,True,46.71,9.615,9.37,37.095,555,609,v3.0-azure-live-replay,2026-08-02T16:56:56.565Z,2026-08-02T16:56:56.575Z,
False,azure-live-20260802T165654Z,msg-00018,historical:008131,2026-05-20T02:11:17.095912600+00:00,2026-08-02T16:56:56.444+00:00,2026-08-02T16:56:56.497+00:00,200,True,True,53.241,9.557,9.111,43.684,555,610,v3.0-azure-live-replay,2026-08-02T16:56:56.618Z,2026-08-02T16:56:56.628Z,
False,azure-live-20260802T165654Z,msg-00019,historical:008583,2026-05-20T02:39:17.685647500+00:00,2026-08-02T16:56:56.498+00:00,2026-08-02T16:56:56.543+00:00,200,True,True,44.762,7.746,7.507,37.016,555,610,v3.0-azure-live-replay,2026-08-02T16:56:56.667Z,2026-08-02T16:56:56.675Z,
False,azure-live-20260802T165654Z,msg-00020,historical:009035,2026-05-20T03:07:24.930051100+00:00,2026-08-02T16:56:56.544+00:00,2026-08-02T16:56:56.593+00:00,200,True,True,48.958,9.889,9.642,39.069,555,610,v3.0-azure-live-replay,2026-08-02T16:56:56.713Z,2026-08-02T16:56:56.723Z,
False,azure-live-20260802T165654Z,msg-00021,historical:009486,2026-05-20T03:35:29.811913600+00:00,2026-08-02T16:56:56.595+00:00,2026-08-02T16:56:56.643+00:00,200,True,True,48.434,10.268,10.018,38.166,555,612,v3.0-azure-live-replay,2026-08-02T16:56:56.763Z,2026-08-02T16:56:56.774Z,
False,azure-live-20260802T165654Z,msg-00022,historical:009938,2026-05-20T04:03:25.564460900+00:00,2026-08-02T16:56:56.644+00:00,2026-08-02T16:56:56.695+00:00,200,True,True,51.275,7.354,7.104,43.921,555,610,v3.0-azure-live-replay,2026-08-02T16:56:56.812Z,2026-08-02T16:56:56.820Z,
False,azure-live-20260802T165654Z,msg-00023,historical:010390,2026-05-20T04:31:33.065986600+00:00,2026-08-02T16:56:56.696+00:00,2026-08-02T16:56:56.757+00:00,200,True,True,60.748,19.623,19.371,41.125,555,612,v3.0-azure-live-replay,2026-08-02T16:56:56.868Z,2026-08-02T16:56:56.887Z,
False,azure-live-20260802T165654Z,msg-00024,historical:010842,2026-05-20T05:00:00.531180900+00:00,2026-08-02T16:56:56.758+00:00,2026-08-02T16:56:56.813+00:00,200,True,True,54.856,8.746,8.402,46.11,555,610,v3.0-azure-live-replay,2026-08-02T16:56:56.927Z,2026-08-02T16:56:56.936Z,
False,azure-live-20260802T165654Z,msg-00025,historical:011293,2026-05-20T05:28:50.516096200+00:00,2026-08-02T16:56:56.814+00:00,2026-08-02T16:56:56.862+00:00,200,True,True,47.445,7.148,6.907,40.297,555,610,v3.0-azure-live-replay,2026-08-02T16:56:56.983Z,2026-08-02T16:56:56.990Z,
False,azure-live-20260802T165654Z,msg-00026,historical:011745,2026-05-20T05:59:05.620582800+00:00,2026-08-02T16:56:56.863+00:00,2026-08-02T16:56:56.917+00:00,200,True,True,54.289,15.181,14.944,39.108,555,612,v3.0-azure-live-replay,2026-08-02T16:56:57.031Z,2026-08-02T16:56:57.046Z,
False,azure-live-20260802T165654Z,msg-00027,historical:012197,2026-05-20T06:27:45.294973500+00:00,2026-08-02T16:56:56.918+00:00,2026-08-02T16:56:56.971+00:00,200,True,True,53.044,16.199,15.96,36.845,555,611,v3.0-azure-live-replay,2026-08-02T16:56:57.087Z,2026-08-02T16:56:57.103Z,
False,azure-live-20260802T165654Z,msg-00028,historical:012649,2026-05-20T06:56:44.083063+00:00,2026-08-02T16:56:56.972+00:00,2026-08-02T16:56:57.019+00:00,200,True,True,47.214,7.303,7.056,39.911,552,610,v3.0-azure-live-replay,2026-08-02T16:56:57.141Z,2026-08-02T16:56:57.149Z,
False,azure-live-20260802T165654Z,msg-00029,historical:013101,2026-05-20T07:25:59.641608300+00:00,2026-08-02T16:56:57.020+00:00,2026-08-02T16:56:57.066+00:00,200,True,True,45.424,7.883,7.643,37.541,555,610,v3.0-azure-live-replay,2026-08-02T16:56:57.189Z,2026-08-02T16:56:57.197Z,
False,azure-live-20260802T165654Z,msg-00030,historical:013552,2026-05-20T07:54:54.640567300+00:00,2026-08-02T16:56:57.084+00:00,2026-08-02T16:56:57.129+00:00,200,True,True,45.38,8.511,8.269,36.869,555,610,v3.0-azure-live-replay,2026-08-02T16:56:57.252Z,2026-08-02T16:56:57.261Z,
False,azure-live-20260802T165654Z,msg-00031,historical:014004,2026-05-20T08:23:14.475420100+00:00,2026-08-02T16:56:57.130+00:00,2026-08-02T16:56:57.176+00:00,200,True,True,46.228,7.588,7.354,38.64,555,610,v3.0-azure-live-replay,2026-08-02T16:56:57.300Z,2026-08-02T16:56:57.307Z,
False,azure-live-20260802T165654Z,msg-00032,historical:014456,2026-05-20T08:51:12.226755100+00:00,2026-08-02T16:56:57.178+00:00,2026-08-02T16:56:57.228+00:00,200,True,True,50.812,12.497,12.153,38.315,555,612,v3.0-azure-live-replay,2026-08-02T16:56:57.347Z,2026-08-02T16:56:57.360Z,
False,azure-live-20260802T165654Z,msg-00033,historical:014908,2026-05-20T09:18:38.799128200+00:00,2026-08-02T16:56:57.230+00:00,2026-08-02T16:56:57.275+00:00,200,True,True,44.894,6.962,6.721,37.932,555,610,v3.0-azure-live-replay,2026-08-02T16:56:57.398Z,2026-08-02T16:56:57.405Z,
False,azure-live-20260802T165654Z,msg-00034,historical:015359,2026-05-20T09:45:56.590489900+00:00,2026-08-02T16:56:57.276+00:00,2026-08-02T16:56:57.322+00:00,200,True,True,46.127,7.843,7.483,38.284,552,610,v3.0-azure-live-replay,2026-08-02T16:56:57.446Z,2026-08-02T16:56:57.453Z,
False,azure-live-20260802T165654Z,msg-00035,historical:015811,2026-05-20T10:13:41.788992700+00:00,2026-08-02T16:56:57.323+00:00,2026-08-02T16:56:57.379+00:00,200,True,True,56.228,18.992,18.746,37.236,552,612,v3.0-azure-live-replay,2026-08-02T16:56:57.491Z,2026-08-02T16:56:57.510Z,
False,azure-live-20260802T165654Z,msg-00036,historical:016263,2026-05-20T10:41:32.711765600+00:00,2026-08-02T16:56:57.380+00:00,2026-08-02T16:56:57.425+00:00,200,True,True,44.814,7.33,7.073,37.484,552,609,v3.0-azure-live-replay,2026-08-02T16:56:57.550Z,2026-08-02T16:56:57.557Z,
False,azure-live-20260802T165654Z,msg-00037,historical:016715,2026-05-20T11:09:54.743735+00:00,2026-08-02T16:56:57.426+00:00,2026-08-02T16:56:57.604+00:00,200,True,True,178.368,140.23,139.985,38.138,552,613,v3.0-azure-live-replay,2026-08-02T16:56:57.595Z,2026-08-02T16:56:57.735Z,
False,azure-live-20260802T165654Z,msg-00038,historical:017166,2026-05-20T11:38:15.371220100+00:00,2026-08-02T16:56:57.605+00:00,2026-08-02T16:56:57.654+00:00,200,True,True,49.151,8.133,7.871,41.018,555,610,v3.0-azure-live-replay,2026-08-02T16:56:57.776Z,2026-08-02T16:56:57.784Z,
False,azure-live-20260802T165654Z,msg-00039,historical:017618,2026-05-20T12:07:54.208575700+00:00,2026-08-02T16:56:57.655+00:00,2026-08-02T16:56:57.702+00:00,200,True,True,46.583,6.257,6.016,40.326,555,610,v3.0-azure-live-replay,2026-08-02T16:56:57.825Z,2026-08-02T16:56:57.831Z,
False,azure-live-20260802T165654Z,msg-00040,historical:018070,2026-05-20T12:38:06.879262100+00:00,2026-08-02T16:56:57.703+00:00,2026-08-02T16:56:57.752+00:00,200,True,True,48.719,9.301,9.041,39.418,555,610,v3.0-azure-live-replay,2026-08-02T16:56:57.872Z,2026-08-02T16:56:57.881Z,
False,azure-live-20260802T165654Z,msg-00041,historical:018522,2026-05-20T13:07:30.726911100+00:00,2026-08-02T16:56:57.753+00:00,2026-08-02T16:56:57.802+00:00,200,True,True,48.841,9.153,8.885,39.688,555,610,v3.0-azure-live-replay,2026-08-02T16:56:57.922Z,2026-08-02T16:56:57.931Z,
False,azure-live-20260802T165654Z,msg-00042,historical:018973,2026-05-20T13:36:16.262860600+00:00,2026-08-02T16:56:57.803+00:00,2026-08-02T16:56:57.848+00:00,200,True,True,44.67,7.412,7.166,37.258,555,610,v3.0-azure-live-replay,2026-08-02T16:56:57.972Z,2026-08-02T16:56:57.979Z,
False,azure-live-20260802T165654Z,msg-00043,historical:019425,2026-05-20T14:04:35.072317500+00:00,2026-08-02T16:56:57.848+00:00,2026-08-02T16:56:57.905+00:00,200,True,True,56.942,18.493,18.231,38.449,555,612,v3.0-azure-live-replay,2026-08-02T16:56:58.018Z,2026-08-02T16:56:58.037Z,
False,azure-live-20260802T165654Z,msg-00044,historical:019877,2026-05-20T14:33:14.256195400+00:00,2026-08-02T16:56:57.906+00:00,2026-08-02T16:56:57.953+00:00,200,True,True,46.527,7.083,6.831,39.444,555,610,v3.0-azure-live-replay,2026-08-02T16:56:58.076Z,2026-08-02T16:56:58.083Z,
False,azure-live-20260802T165654Z,msg-00045,historical:020329,2026-05-20T15:02:07.501360500+00:00,2026-08-02T16:56:57.954+00:00,2026-08-02T16:56:57.999+00:00,200,True,True,44.751,6.2,5.931,38.551,555,608,v3.0-azure-live-replay,2026-08-02T16:56:58.124Z,2026-08-02T16:56:58.130Z,
False,azure-live-20260802T165654Z,msg-00046,historical:020780,2026-05-20T15:30:22.981738900+00:00,2026-08-02T16:56:58.000+00:00,2026-08-02T16:56:58.052+00:00,200,True,True,52.961,13.984,13.73,38.977,555,611,v3.0-azure-live-replay,2026-08-02T16:56:58.169Z,2026-08-02T16:56:58.183Z,
False,azure-live-20260802T165654Z,msg-00047,historical:021232,2026-05-20T15:58:57.059880900+00:00,2026-08-02T16:56:58.054+00:00,2026-08-02T16:56:58.099+00:00,200,True,True,44.79,7.432,7.174,37.358,555,610,v3.0-azure-live-replay,2026-08-02T16:56:58.223Z,2026-08-02T16:56:58.230Z,
False,azure-live-20260802T165654Z,msg-00048,historical:021684,2026-05-20T16:26:50.368754100+00:00,2026-08-02T16:56:58.100+00:00,2026-08-02T16:56:58.147+00:00,200,True,True,46.944,7.732,7.481,39.212,555,610,v3.0-azure-live-replay,2026-08-02T16:56:58.271Z,2026-08-02T16:56:58.278Z,
False,azure-live-20260802T165654Z,msg-00049,historical:022136,2026-05-20T16:55:22.478313600+00:00,2026-08-02T16:56:58.148+00:00,2026-08-02T16:56:58.193+00:00,200,True,True,45.135,7.521,7.268,37.614,555,610,v3.0-azure-live-replay,2026-08-02T16:56:58.317Z,2026-08-02T16:56:58.324Z,
False,azure-live-20260802T165654Z,msg-00050,historical:022587,2026-05-20T17:24:34.291409100+00:00,2026-08-02T16:56:58.194+00:00,2026-08-02T16:56:58.243+00:00,200,True,True,49.578,8.15,7.897,41.428,555,609,v3.0-azure-live-replay,2026-08-02T16:56:58.367Z,2026-08-02T16:56:58.375Z,
False,azure-live-20260802T165654Z,msg-00051,historical:023039,2026-05-20T17:54:15.510670800+00:00,2026-08-02T16:56:58.244+00:00,2026-08-02T16:56:58.308+00:00,200,True,True,63.647,8.912,8.649,54.735,555,610,v3.0-azure-live-replay,2026-08-02T16:56:58.413Z,2026-08-02T16:56:58.422Z,
False,azure-live-20260802T165654Z,msg-00052,historical:023491,2026-05-20T18:22:49.987752400+00:00,2026-08-02T16:56:58.309+00:00,2026-08-02T16:56:58.354+00:00,200,True,True,45.175,8.029,7.718,37.146,555,610,v3.0-azure-live-replay,2026-08-02T16:56:58.478Z,2026-08-02T16:56:58.486Z,
False,azure-live-20260802T165654Z,msg-00053,historical:023943,2026-05-20T18:53:35.959968200+00:00,2026-08-02T16:56:58.355+00:00,2026-08-02T16:56:58.403+00:00,200,True,True,47.983,9.061,8.803,38.922,555,610,v3.0-azure-live-replay,2026-08-02T16:56:58.525Z,2026-08-02T16:56:58.534Z,
False,azure-live-20260802T165654Z,msg-00054,historical:024395,2026-05-20T19:24:07.044670900+00:00,2026-08-02T16:56:58.405+00:00,2026-08-02T16:56:58.456+00:00,200,True,True,51.32,9.356,8.961,41.964,555,610,v3.0-azure-live-replay,2026-08-02T16:56:58.576Z,2026-08-02T16:56:58.585Z,
False,azure-live-20260802T165654Z,msg-00055,historical:024846,2026-05-20T19:54:11.099906900+00:00,2026-08-02T16:56:58.457+00:00,2026-08-02T16:56:58.503+00:00,200,True,True,46.38,8.077,7.819,38.303,555,610,v3.0-azure-live-replay,2026-08-02T16:56:58.626Z,2026-08-02T16:56:58.634Z,
False,azure-live-20260802T165654Z,msg-00056,historical:025298,2026-05-20T20:22:51.245955100+00:00,2026-08-02T16:56:58.504+00:00,2026-08-02T16:56:58.549+00:00,200,True,True,44.727,7.555,7.312,37.172,555,610,v3.0-azure-live-replay,2026-08-02T16:56:58.673Z,2026-08-02T16:56:58.681Z,
False,azure-live-20260802T165654Z,msg-00057,historical:025750,2026-05-20T20:53:00.541419500+00:00,2026-08-02T16:56:58.549+00:00,2026-08-02T16:56:58.594+00:00,200,True,True,44.242,7.566,7.324,36.676,555,610,v3.0-azure-live-replay,2026-08-02T16:56:58.717Z,2026-08-02T16:56:58.725Z,
False,azure-live-20260802T165654Z,msg-00058,historical:026202,2026-05-20T21:20:48.503526+00:00,2026-08-02T16:56:58.595+00:00,2026-08-02T16:56:58.640+00:00,200,True,True,45.554,7.534,7.286,38.02,552,610,v3.0-azure-live-replay,2026-08-02T16:56:58.764Z,2026-08-02T16:56:58.771Z,
False,azure-live-20260802T165654Z,msg-00059,historical:026653,2026-05-20T21:48:38.888207+00:00,2026-08-02T16:56:58.641+00:00,2026-08-02T16:56:58.686+00:00,200,True,True,44.965,7.49,7.255,37.475,552,609,v3.0-azure-live-replay,2026-08-02T16:56:58.810Z,2026-08-02T16:56:58.817Z,
False,azure-live-20260802T165654Z,msg-00060,historical:027105,2026-05-20T22:16:16.816354300+00:00,2026-08-02T16:56:58.687+00:00,2026-08-02T16:56:58.742+00:00,200,True,True,55.088,14.083,13.789,41.005,555,612,v3.0-azure-live-replay,2026-08-02T16:56:58.856Z,2026-08-02T16:56:58.870Z,
False,azure-live-20260802T165654Z,msg-00061,historical:027557,2026-05-20T22:43:54.728305700+00:00,2026-08-02T16:56:58.743+00:00,2026-08-02T16:56:58.790+00:00,200,True,True,47.111,7.839,7.6,39.272,555,608,v3.0-azure-live-replay,2026-08-02T16:56:58.912Z,2026-08-02T16:56:58.920Z,
False,azure-live-20260802T165654Z,msg-00062,historical:028009,2026-05-20T23:12:00.645276200+00:00,2026-08-02T16:56:58.791+00:00,2026-08-02T16:56:58.837+00:00,200,True,True,46.098,8.373,8.136,37.725,555,610,v3.0-azure-live-replay,2026-08-02T16:56:58.960Z,2026-08-02T16:56:58.969Z,
False,azure-live-20260802T165654Z,msg-00063,historical:028460,2026-05-20T23:39:44.223847300+00:00,2026-08-02T16:56:58.839+00:00,2026-08-02T16:56:58.889+00:00,200,True,True,50.047,11.19,10.944,38.857,555,611,v3.0-azure-live-replay,2026-08-02T16:56:59.009Z,2026-08-02T16:56:59.020Z,
False,azure-live-20260802T165654Z,msg-00064,historical:028912,2026-05-21T00:07:42.649297100+00:00,2026-08-02T16:56:58.890+00:00,2026-08-02T16:56:58.945+00:00,200,True,True,55.185,9.364,9.022,45.821,555,610,v3.0-azure-live-replay,2026-08-02T16:56:59.063Z,2026-08-02T16:56:59.072Z,
False,azure-live-20260802T165654Z,msg-00065,historical:029364,2026-05-21T00:36:09.161922800+00:00,2026-08-02T16:56:58.946+00:00,2026-08-02T16:56:58.995+00:00,200,True,True,49.242,9.388,9.151,39.854,555,610,v3.0-azure-live-replay,2026-08-02T16:56:59.117Z,2026-08-02T16:56:59.126Z,
False,azure-live-20260802T165654Z,msg-00066,historical:029816,2026-05-21T01:04:50.334750900+00:00,2026-08-02T16:56:58.996+00:00,2026-08-02T16:56:59.041+00:00,200,True,True,44.704,7.392,7.154,37.312,555,610,v3.0-azure-live-replay,2026-08-02T16:56:59.165Z,2026-08-02T16:56:59.172Z,
False,azure-live-20260802T165654Z,msg-00067,historical:030267,2026-05-21T01:32:46.991057+00:00,2026-08-02T16:56:59.042+00:00,2026-08-02T16:56:59.105+00:00,200,True,True,63.425,8.217,7.972,55.208,552,610,v3.0-azure-live-replay,2026-08-02T16:56:59.228Z,2026-08-02T16:56:59.237Z,
False,azure-live-20260802T165654Z,msg-00068,historical:030719,2026-05-21T02:00:58.691285100+00:00,2026-08-02T16:56:59.106+00:00,2026-08-02T16:56:59.153+00:00,200,True,True,46.852,7.708,7.401,39.144,555,610,v3.0-azure-live-replay,2026-08-02T16:56:59.276Z,2026-08-02T16:56:59.283Z,
False,azure-live-20260802T165654Z,msg-00069,historical:031171,2026-05-21T02:30:16.685647500+00:00,2026-08-02T16:56:59.154+00:00,2026-08-02T16:56:59.205+00:00,200,True,True,51.715,11.693,11.438,40.022,555,612,v3.0-azure-live-replay,2026-08-02T16:56:59.325Z,2026-08-02T16:56:59.337Z,
False,azure-live-20260802T165654Z,msg-00070,historical:031623,2026-05-21T03:01:08.408186800+00:00,2026-08-02T16:56:59.206+00:00,2026-08-02T16:56:59.253+00:00,200,True,True,46.582,8.621,8.324,37.961,555,610,v3.0-azure-live-replay,2026-08-02T16:56:59.375Z,2026-08-02T16:56:59.383Z,
False,azure-live-20260802T165654Z,msg-00071,historical:032074,2026-05-21T03:32:08.294909800+00:00,2026-08-02T16:56:59.254+00:00,2026-08-02T16:56:59.302+00:00,200,True,True,48.389,8.754,8.515,39.635,555,610,v3.0-azure-live-replay,2026-08-02T16:56:59.423Z,2026-08-02T16:56:59.432Z,
False,azure-live-20260802T165654Z,msg-00072,historical:032526,2026-05-21T04:03:19.628704700+00:00,2026-08-02T16:56:59.303+00:00,2026-08-02T16:56:59.355+00:00,200,True,True,51.852,9.704,9.466,42.148,555,610,v3.0-azure-live-replay,2026-08-02T16:56:59.473Z,2026-08-02T16:56:59.483Z,
False,azure-live-20260802T165654Z,msg-00073,historical:032978,2026-05-21T04:32:13.574117800+00:00,2026-08-02T16:56:59.356+00:00,2026-08-02T16:56:59.405+00:00,200,True,True,49.337,9.618,9.346,39.719,555,610,v3.0-azure-live-replay,2026-08-02T16:56:59.527Z,2026-08-02T16:56:59.536Z,
False,azure-live-20260802T165654Z,msg-00074,historical:033430,2026-05-21T05:01:27.302836900+00:00,2026-08-02T16:56:59.406+00:00,2026-08-02T16:56:59.452+00:00,200,True,True,46.044,8.111,7.868,37.933,555,610,v3.0-azure-live-replay,2026-08-02T16:56:59.575Z,2026-08-02T16:56:59.583Z,
False,azure-live-20260802T165654Z,msg-00075,historical:033881,2026-05-21T05:29:47.078372200+00:00,2026-08-02T16:56:59.454+00:00,2026-08-02T16:56:59.500+00:00,200,True,True,46.519,7.341,7.087,39.178,555,610,v3.0-azure-live-replay,2026-08-02T16:56:59.624Z,2026-08-02T16:56:59.631Z,
False,azure-live-20260802T165654Z,msg-00076,historical:034333,2026-05-21T05:58:19.053056300+00:00,2026-08-02T16:56:59.501+00:00,2026-08-02T16:56:59.548+00:00,200,True,True,46.313,8.846,8.604,37.467,555,610,v3.0-azure-live-replay,2026-08-02T16:56:59.671Z,2026-08-02T16:56:59.680Z,
False,azure-live-20260802T165654Z,msg-00077,historical:034785,2026-05-21T06:27:24.510432500+00:00,2026-08-02T16:56:59.548+00:00,2026-08-02T16:56:59.593+00:00,200,True,True,44.857,7.55,7.313,37.307,555,609,v3.0-azure-live-replay,2026-08-02T16:56:59.717Z,2026-08-02T16:56:59.724Z,
False,azure-live-20260802T165654Z,msg-00078,historical:035237,2026-05-21T06:55:51.971749100+00:00,2026-08-02T16:56:59.594+00:00,2026-08-02T16:56:59.639+00:00,200,True,True,44.572,7.815,7.574,36.757,555,610,v3.0-azure-live-replay,2026-08-02T16:56:59.763Z,2026-08-02T16:56:59.771Z,
False,azure-live-20260802T165654Z,msg-00079,historical:035689,2026-05-21T07:24:20.610272500+00:00,2026-08-02T16:56:59.640+00:00,2026-08-02T16:56:59.686+00:00,200,True,True,46.799,7.506,7.267,39.293,555,610,v3.0-azure-live-replay,2026-08-02T16:56:59.810Z,2026-08-02T16:56:59.817Z,
False,azure-live-20260802T165654Z,msg-00080,historical:036140,2026-05-21T07:52:55.331938200+00:00,2026-08-02T16:56:59.688+00:00,2026-08-02T16:56:59.733+00:00,200,True,True,45.483,7.397,7.153,38.086,555,610,v3.0-azure-live-replay,2026-08-02T16:56:59.857Z,2026-08-02T16:56:59.864Z,
False,azure-live-20260802T165654Z,msg-00081,historical:036592,2026-05-21T08:22:07.671231700+00:00,2026-08-02T16:56:59.734+00:00,2026-08-02T16:56:59.781+00:00,200,True,True,46.562,9.538,8.419,37.024,555,610,v3.0-azure-live-replay,2026-08-02T16:56:59.903Z,2026-08-02T16:56:59.912Z,
False,azure-live-20260802T165654Z,msg-00082,historical:037044,2026-05-21T08:50:16.492959500+00:00,2026-08-02T16:56:59.781+00:00,2026-08-02T16:56:59.828+00:00,200,True,True,46.869,8.47,8.242,38.399,555,609,v3.0-azure-live-replay,2026-08-02T16:56:59.950Z,2026-08-02T16:56:59.959Z,
False,azure-live-20260802T165654Z,msg-00083,historical:037496,2026-05-21T09:20:10.795705100+00:00,2026-08-02T16:56:59.830+00:00,2026-08-02T16:56:59.879+00:00,200,True,True,48.764,10.355,10.085,38.409,555,612,v3.0-azure-live-replay,2026-08-02T16:56:59.999Z,2026-08-02T16:57:00.009Z,
False,azure-live-20260802T165654Z,msg-00084,historical:037947,2026-05-21T09:51:15.110095500+00:00,2026-08-02T16:56:59.880+00:00,2026-08-02T16:56:59.939+00:00,200,True,True,59.364,9.288,9.031,50.076,555,610,v3.0-azure-live-replay,2026-08-02T16:57:00.048Z,2026-08-02T16:57:00.057Z,
False,azure-live-20260802T165654Z,msg-00085,historical:038399,2026-05-21T10:21:03.071331300+00:00,2026-08-02T16:56:59.940+00:00,2026-08-02T16:56:59.994+00:00,200,True,True,53.616,11.902,11.41,41.714,555,611,v3.0-azure-live-replay,2026-08-02T16:57:00.113Z,2026-08-02T16:57:00.125Z,
False,azure-live-20260802T165654Z,msg-00086,historical:038851,2026-05-21T10:49:43.647947200+00:00,2026-08-02T16:56:59.994+00:00,2026-08-02T16:57:00.041+00:00,200,True,True,46.974,7.751,7.505,39.223,555,610,v3.0-azure-live-replay,2026-08-02T16:57:00.163Z,2026-08-02T16:57:00.171Z,
False,azure-live-20260802T165654Z,msg-00087,historical:039303,2026-05-21T11:17:42.940220800+00:00,2026-08-02T16:57:00.043+00:00,2026-08-02T16:57:00.087+00:00,200,True,True,44.535,7.727,7.486,36.808,555,610,v3.0-azure-live-replay,2026-08-02T16:57:00.211Z,2026-08-02T16:57:00.219Z,
False,azure-live-20260802T165654Z,msg-00088,historical:039754,2026-05-21T11:46:36.946570200+00:00,2026-08-02T16:57:00.088+00:00,2026-08-02T16:57:00.145+00:00,200,True,True,57.076,17.621,17.378,39.455,555,612,v3.0-azure-live-replay,2026-08-02T16:57:00.258Z,2026-08-02T16:57:00.275Z,
False,azure-live-20260802T165654Z,msg-00089,historical:040206,2026-05-21T12:15:06.537578700+00:00,2026-08-02T16:57:00.146+00:00,2026-08-02T16:57:00.193+00:00,200,True,True,47.014,8.995,8.656,38.019,555,610,v3.0-azure-live-replay,2026-08-02T16:57:00.315Z,2026-08-02T16:57:00.324Z,
False,azure-live-20260802T165654Z,msg-00090,historical:040658,2026-05-21T12:43:30.468370+00:00,2026-08-02T16:57:00.194+00:00,2026-08-02T16:57:00.293+00:00,200,True,True,98.949,9.331,9.036,89.618,552,610,v3.0-azure-live-replay,2026-08-02T16:57:00.414Z,2026-08-02T16:57:00.424Z,
False,azure-live-20260802T165654Z,msg-00091,historical:041110,2026-05-21T13:13:06.985702+00:00,2026-08-02T16:57:00.294+00:00,2026-08-02T16:57:00.344+00:00,200,True,True,49.506,8.254,8.009,41.252,552,610,v3.0-azure-live-replay,2026-08-02T16:57:00.463Z,2026-08-02T16:57:00.472Z,
False,azure-live-20260802T165654Z,msg-00092,historical:041561,2026-05-21T13:42:10.178928100+00:00,2026-08-02T16:57:00.345+00:00,2026-08-02T16:57:00.391+00:00,200,True,True,46.408,8.632,8.392,37.776,555,610,v3.0-azure-live-replay,2026-08-02T16:57:00.514Z,2026-08-02T16:57:00.523Z,
False,azure-live-20260802T165654Z,msg-00093,historical:042013,2026-05-21T14:10:51.460616600+00:00,2026-08-02T16:57:00.393+00:00,2026-08-02T16:57:00.438+00:00,200,True,True,45.319,7.699,7.438,37.62,555,610,v3.0-azure-live-replay,2026-08-02T16:57:00.562Z,2026-08-02T16:57:00.570Z,
False,azure-live-20260802T165654Z,msg-00094,historical:042465,2026-05-21T14:39:36.941602900+00:00,2026-08-02T16:57:00.439+00:00,2026-08-02T16:57:00.486+00:00,200,True,True,47.513,8.809,8.56,38.704,555,609,v3.0-azure-live-replay,2026-08-02T16:57:00.608Z,2026-08-02T16:57:00.617Z,
False,azure-live-20260802T165654Z,msg-00095,historical:042917,2026-05-21T15:08:04.637475100+00:00,2026-08-02T16:57:00.488+00:00,2026-08-02T16:57:00.533+00:00,200,True,True,45.4,7.773,7.527,37.627,555,610,v3.0-azure-live-replay,2026-08-02T16:57:00.656Z,2026-08-02T16:57:00.664Z,
False,azure-live-20260802T165654Z,msg-00096,historical:043368,2026-05-21T15:35:39.209777800+00:00,2026-08-02T16:57:00.534+00:00,2026-08-02T16:57:00.584+00:00,200,True,True,50.058,8.321,8.063,41.737,555,610,v3.0-azure-live-replay,2026-08-02T16:57:00.703Z,2026-08-02T16:57:00.711Z,
False,azure-live-20260802T165654Z,msg-00097,historical:043820,2026-05-21T16:03:37.595210600+00:00,2026-08-02T16:57:00.585+00:00,2026-08-02T16:57:00.630+00:00,200,True,True,45.175,8.124,7.886,37.051,555,610,v3.0-azure-live-replay,2026-08-02T16:57:00.754Z,2026-08-02T16:57:00.762Z,
False,azure-live-20260802T165654Z,msg-00098,historical:044272,2026-05-21T16:31:11.748602100+00:00,2026-08-02T16:57:00.631+00:00,2026-08-02T16:57:00.676+00:00,200,True,True,44.776,7.468,7.229,37.308,555,610,v3.0-azure-live-replay,2026-08-02T16:57:00.800Z,2026-08-02T16:57:00.807Z,
False,azure-live-20260802T165654Z,msg-00099,historical:044724,2026-05-21T16:58:49.768744100+00:00,2026-08-02T16:57:00.676+00:00,2026-08-02T16:57:00.723+00:00,200,True,True,46.483,8.363,8.041,38.12,555,610,v3.0-azure-live-replay,2026-08-02T16:57:00.846Z,2026-08-02T16:57:00.854Z,
False,azure-live-20260802T165654Z,msg-00100,historical:045175,2026-05-21T17:27:04.843287500+00:00,2026-08-02T16:57:00.724+00:00,2026-08-02T16:57:00.770+00:00,200,True,True,45.785,8.385,8.123,37.4,555,610,v3.0-azure-live-replay,2026-08-02T16:57:00.892Z,2026-08-02T16:57:00.900Z,
False,azure-live-20260802T165654Z,msg-00101,historical:045627,2026-05-21T17:55:09.868465600+00:00,2026-08-02T16:57:00.771+00:00,2026-08-02T16:57:00.815+00:00,200,True,True,43.964,7.751,7.507,36.213,555,610,v3.0-azure-live-replay,2026-08-02T16:57:00.939Z,2026-08-02T16:57:00.947Z,
False,azure-live-20260802T165654Z,msg-00102,historical:046079,2026-05-21T18:23:34.189380+00:00,2026-08-02T16:57:00.816+00:00,2026-08-02T16:57:00.865+00:00,200,True,True,49.656,11.533,11.292,38.123,552,612,v3.0-azure-live-replay,2026-08-02T16:57:00.985Z,2026-08-02T16:57:00.996Z,
False,azure-live-20260802T165654Z,msg-00103,historical:046531,2026-05-21T18:53:03.602042900+00:00,2026-08-02T16:57:00.866+00:00,2026-08-02T16:57:00.911+00:00,200,True,True,45.215,7.722,7.489,37.493,555,610,v3.0-azure-live-replay,2026-08-02T16:57:01.035Z,2026-08-02T16:57:01.043Z,
False,azure-live-20260802T165654Z,msg-00104,historical:046983,2026-05-21T19:21:07.272795100+00:00,2026-08-02T16:57:00.912+00:00,2026-08-02T16:57:00.957+00:00,200,True,True,44.37,7.814,7.556,36.556,555,610,v3.0-azure-live-replay,2026-08-02T16:57:01.080Z,2026-08-02T16:57:01.088Z,
False,azure-live-20260802T165654Z,msg-00105,historical:047434,2026-05-21T19:49:31.917204700+00:00,2026-08-02T16:57:00.958+00:00,2026-08-02T16:57:01.010+00:00,200,True,True,52.213,7.331,7.083,44.882,555,610,v3.0-azure-live-replay,2026-08-02T16:57:01.134Z,2026-08-02T16:57:01.141Z,
False,azure-live-20260802T165654Z,msg-00106,historical:047886,2026-05-21T20:17:19.298502200+00:00,2026-08-02T16:57:01.011+00:00,2026-08-02T16:57:01.063+00:00,200,True,True,51.35,9.116,8.55,42.234,555,609,v3.0-azure-live-replay,2026-08-02T16:57:01.184Z,2026-08-02T16:57:01.193Z,
False,azure-live-20260802T165654Z,msg-00107,historical:048338,2026-05-21T20:45:04.775049600+00:00,2026-08-02T16:57:01.064+00:00,2026-08-02T16:57:01.110+00:00,200,True,True,45.714,8.095,7.85,37.619,555,609,v3.0-azure-live-replay,2026-08-02T16:57:01.232Z,2026-08-02T16:57:01.240Z,
False,azure-live-20260802T165654Z,msg-00108,historical:048790,2026-05-21T21:12:28.177640300+00:00,2026-08-02T16:57:01.110+00:00,2026-08-02T16:57:01.156+00:00,200,True,True,45.211,8.035,7.761,37.176,555,610,v3.0-azure-live-replay,2026-08-02T16:57:01.279Z,2026-08-02T16:57:01.287Z,
False,azure-live-20260802T165654Z,msg-00109,historical:049241,2026-05-21T21:40:08.184596400+00:00,2026-08-02T16:57:01.156+00:00,2026-08-02T16:57:01.201+00:00,200,True,True,44.633,7.775,7.536,36.858,555,610,v3.0-azure-live-replay,2026-08-02T16:57:01.324Z,2026-08-02T16:57:01.332Z,
False,azure-live-20260802T165654Z,msg-00110,historical:049693,2026-05-21T22:08:45.926248300+00:00,2026-08-02T16:57:01.202+00:00,2026-08-02T16:57:01.253+00:00,200,True,True,50.023,12.0,11.758,38.023,555,608,v3.0-azure-live-replay,2026-08-02T16:57:01.371Z,2026-08-02T16:57:01.383Z,
False,azure-live-20260802T165654Z,msg-00111,historical:050145,2026-05-21T22:36:41.561315400+00:00,2026-08-02T16:57:01.253+00:00,2026-08-02T16:57:01.302+00:00,200,True,True,48.872,7.4,7.157,41.472,555,608,v3.0-azure-live-replay,2026-08-02T16:57:01.424Z,2026-08-02T16:57:01.431Z,
False,azure-live-20260802T165654Z,msg-00112,historical:050597,2026-05-21T23:04:46.432871700+00:00,2026-08-02T16:57:01.303+00:00,2026-08-02T16:57:01.348+00:00,200,True,True,44.713,7.452,7.196,37.261,555,610,v3.0-azure-live-replay,2026-08-02T16:57:01.472Z,2026-08-02T16:57:01.480Z,
False,azure-live-20260802T165654Z,msg-00113,historical:051048,2026-05-21T23:32:13.576922500+00:00,2026-08-02T16:57:01.349+00:00,2026-08-02T16:57:01.395+00:00,200,True,True,46.185,7.168,6.799,39.017,555,610,v3.0-azure-live-replay,2026-08-02T16:57:01.518Z,2026-08-02T16:57:01.525Z,
False,azure-live-20260802T165654Z,msg-00114,historical:051500,2026-05-22T00:00:10.472303100+00:00,2026-08-02T16:57:01.396+00:00,2026-08-02T16:57:01.447+00:00,200,True,True,51.185,7.621,7.299,43.564,555,610,v3.0-azure-live-replay,2026-08-02T16:57:01.570Z,2026-08-02T16:57:01.577Z,
False,azure-live-20260802T165654Z,msg-00115,historical:051952,2026-05-22T00:28:21.798766700+00:00,2026-08-02T16:57:01.448+00:00,2026-08-02T16:57:01.493+00:00,200,True,True,45.02,7.136,6.891,37.884,555,610,v3.0-azure-live-replay,2026-08-02T16:57:01.618Z,2026-08-02T16:57:01.625Z,
False,azure-live-20260802T165654Z,msg-00116,historical:052404,2026-05-22T00:56:48.611270100+00:00,2026-08-02T16:57:01.494+00:00,2026-08-02T16:57:01.540+00:00,200,True,True,45.373,8.462,8.226,36.911,555,610,v3.0-azure-live-replay,2026-08-02T16:57:01.663Z,2026-08-02T16:57:01.671Z,
False,azure-live-20260802T165654Z,msg-00117,historical:052855,2026-05-22T01:26:11.511668900+00:00,2026-08-02T16:57:01.540+00:00,2026-08-02T16:57:01.587+00:00,200,True,True,46.731,9.33,9.095,37.401,555,609,v3.0-azure-live-replay,2026-08-02T16:57:01.710Z,2026-08-02T16:57:01.719Z,
False,azure-live-20260802T165654Z,msg-00118,historical:053307,2026-05-22T01:55:18.889722900+00:00,2026-08-02T16:57:01.588+00:00,2026-08-02T16:57:01.633+00:00,200,True,True,44.456,8.062,7.816,36.394,555,610,v3.0-azure-live-replay,2026-08-02T16:57:01.757Z,2026-08-02T16:57:01.765Z,
False,azure-live-20260802T165654Z,msg-00119,historical:053759,2026-05-22T02:24:03.530876100+00:00,2026-08-02T16:57:01.633+00:00,2026-08-02T16:57:01.679+00:00,200,True,True,46.361,7.839,7.591,38.522,555,610,v3.0-azure-live-replay,2026-08-02T16:57:01.803Z,2026-08-02T16:57:01.811Z,
False,azure-live-20260802T165654Z,msg-00120,historical:054211,2026-05-22T02:53:05.909280400+00:00,2026-08-02T16:57:01.680+00:00,2026-08-02T16:57:01.724+00:00,200,True,True,44.205,7.64,7.392,36.565,555,609,v3.0-azure-live-replay,2026-08-02T16:57:01.848Z,2026-08-02T16:57:01.856Z,
False,azure-live-20260802T165654Z,msg-00121,historical:054662,2026-05-22T03:21:45.692798900+00:00,2026-08-02T16:57:01.724+00:00,2026-08-02T16:57:01.779+00:00,200,True,True,54.127,10.116,9.803,44.011,555,611,v3.0-azure-live-replay,2026-08-02T16:57:01.900Z,2026-08-02T16:57:01.910Z,
False,azure-live-20260802T165654Z,msg-00122,historical:055114,2026-05-22T03:53:32.935883800+00:00,2026-08-02T16:57:01.779+00:00,2026-08-02T16:57:01.836+00:00,200,True,True,56.807,8.013,7.731,48.794,555,610,v3.0-azure-live-replay,2026-08-02T16:57:01.959Z,2026-08-02T16:57:01.967Z,
False,azure-live-20260802T165654Z,msg-00123,historical:055566,2026-05-22T04:22:37.716047700+00:00,2026-08-02T16:57:01.837+00:00,2026-08-02T16:57:01.887+00:00,200,True,True,49.331,7.875,7.627,41.456,555,610,v3.0-azure-live-replay,2026-08-02T16:57:02.009Z,2026-08-02T16:57:02.017Z,
False,azure-live-20260802T165654Z,msg-00124,historical:056018,2026-05-22T04:51:16.705544800+00:00,2026-08-02T16:57:01.887+00:00,2026-08-02T16:57:01.938+00:00,200,True,True,50.415,10.331,10.079,40.084,555,612,v3.0-azure-live-replay,2026-08-02T16:57:02.057Z,2026-08-02T16:57:02.068Z,
False,azure-live-20260802T165654Z,msg-00125,historical:056469,2026-05-22T05:19:47.104857200+00:00,2026-08-02T16:57:01.939+00:00,2026-08-02T16:57:01.987+00:00,200,True,True,47.445,8.22,7.985,39.225,555,609,v3.0-azure-live-replay,2026-08-02T16:57:02.109Z,2026-08-02T16:57:02.118Z,
False,azure-live-20260802T165654Z,msg-00126,historical:056921,2026-05-22T05:48:19.906315200+00:00,2026-08-02T16:57:01.988+00:00,2026-08-02T16:57:02.035+00:00,200,True,True,46.939,9.761,9.505,37.178,555,610,v3.0-azure-live-replay,2026-08-02T16:57:02.156Z,2026-08-02T16:57:02.166Z,
False,azure-live-20260802T165654Z,msg-00127,historical:057373,2026-05-22T06:17:36.661324900+00:00,2026-08-02T16:57:02.036+00:00,2026-08-02T16:57:02.083+00:00,200,True,True,46.603,7.903,7.646,38.7,555,610,v3.0-azure-live-replay,2026-08-02T16:57:02.206Z,2026-08-02T16:57:02.214Z,
False,azure-live-20260802T165654Z,msg-00128,historical:057825,2026-05-22T06:46:21.785971900+00:00,2026-08-02T16:57:02.084+00:00,2026-08-02T16:57:02.131+00:00,200,True,True,46.489,8.087,7.83,38.402,555,609,v3.0-azure-live-replay,2026-08-02T16:57:02.253Z,2026-08-02T16:57:02.262Z,
False,azure-live-20260802T165654Z,msg-00129,historical:058277,2026-05-22T07:16:13.053546200+00:00,2026-08-02T16:57:02.132+00:00,2026-08-02T16:57:02.178+00:00,200,True,True,46.118,9.603,9.365,36.515,555,610,v3.0-azure-live-replay,2026-08-02T16:57:02.300Z,2026-08-02T16:57:02.310Z,
False,azure-live-20260802T165654Z,msg-00130,historical:058728,2026-05-22T07:45:23.992406400+00:00,2026-08-02T16:57:02.178+00:00,2026-08-02T16:57:02.223+00:00,200,True,True,44.753,7.861,7.539,36.892,555,610,v3.0-azure-live-replay,2026-08-02T16:57:02.346Z,2026-08-02T16:57:02.354Z,
False,azure-live-20260802T165654Z,msg-00131,historical:059180,2026-05-22T08:14:26.410898400+00:00,2026-08-02T16:57:02.224+00:00,2026-08-02T16:57:02.271+00:00,200,True,True,46.996,7.066,6.833,39.93,555,610,v3.0-azure-live-replay,2026-08-02T16:57:02.392Z,2026-08-02T16:57:02.399Z,
False,azure-live-20260802T165654Z,msg-00132,historical:059632,2026-05-22T08:43:17.042199700+00:00,2026-08-02T16:57:02.271+00:00,2026-08-02T16:57:02.317+00:00,200,True,True,45.305,8.24,7.995,37.065,555,609,v3.0-azure-live-replay,2026-08-02T16:57:02.441Z,2026-08-02T16:57:02.449Z,
False,azure-live-20260802T165654Z,msg-00133,historical:060084,2026-05-22T09:11:21.482700200+00:00,2026-08-02T16:57:02.317+00:00,2026-08-02T16:57:02.364+00:00,200,True,True,47.281,8.669,8.427,38.612,555,610,v3.0-azure-live-replay,2026-08-02T16:57:02.487Z,2026-08-02T16:57:02.496Z,
False,azure-live-20260802T165654Z,msg-00134,historical:060535,2026-05-22T09:39:27.562004600+00:00,2026-08-02T16:57:02.365+00:00,2026-08-02T16:57:02.410+00:00,200,True,True,44.848,7.68,7.445,37.168,555,609,v3.0-azure-live-replay,2026-08-02T16:57:02.534Z,2026-08-02T16:57:02.542Z,
False,azure-live-20260802T165654Z,msg-00135,historical:060987,2026-05-22T10:07:28.311192900+00:00,2026-08-02T16:57:02.410+00:00,2026-08-02T16:57:02.457+00:00,200,True,True,46.484,7.163,6.924,39.321,555,610,v3.0-azure-live-replay,2026-08-02T16:57:02.582Z,2026-08-02T16:57:02.589Z,
False,azure-live-20260802T165654Z,msg-00136,historical:061439,2026-05-22T10:35:18.619794200+00:00,2026-08-02T16:57:02.458+00:00,2026-08-02T16:57:02.503+00:00,200,True,True,45.837,7.686,7.38,38.151,555,609,v3.0-azure-live-replay,2026-08-02T16:57:02.627Z,2026-08-02T16:57:02.634Z,
False,azure-live-20260802T165654Z,msg-00137,historical:061891,2026-05-22T11:03:00.891039600+00:00,2026-08-02T16:57:02.505+00:00,2026-08-02T16:57:02.555+00:00,200,True,True,50.366,12.057,11.813,38.309,555,612,v3.0-azure-live-replay,2026-08-02T16:57:02.674Z,2026-08-02T16:57:02.686Z,
False,azure-live-20260802T165654Z,msg-00138,historical:062342,2026-05-22T11:33:11.186514900+00:00,2026-08-02T16:57:02.556+00:00,2026-08-02T16:57:02.603+00:00,200,True,True,47.342,9.426,9.179,37.916,555,610,v3.0-azure-live-replay,2026-08-02T16:57:02.725Z,2026-08-02T16:57:02.735Z,
False,azure-live-20260802T165654Z,msg-00139,historical:062794,2026-05-22T12:03:52.209422+00:00,2026-08-02T16:57:02.604+00:00,2026-08-02T16:57:02.654+00:00,200,True,True,49.425,9.105,8.859,40.32,552,610,v3.0-azure-live-replay,2026-08-02T16:57:02.772Z,2026-08-02T16:57:02.781Z,
False,azure-live-20260802T165654Z,msg-00140,historical:063246,2026-05-22T12:34:26.378798300+00:00,2026-08-02T16:57:02.655+00:00,2026-08-02T16:57:02.702+00:00,200,True,True,47.393,7.982,7.681,39.411,555,610,v3.0-azure-live-replay,2026-08-02T16:57:02.824Z,2026-08-02T16:57:02.832Z,
False,azure-live-20260802T165654Z,msg-00141,historical:063698,2026-05-22T13:08:06.574335700+00:00,2026-08-02T16:57:02.703+00:00,2026-08-02T16:57:02.748+00:00,200,True,True,44.532,7.89,7.649,36.642,555,609,v3.0-azure-live-replay,2026-08-02T16:57:02.872Z,2026-08-02T16:57:02.879Z,
False,azure-live-20260802T165654Z,msg-00142,historical:064149,2026-05-22T13:40:28.388877900+00:00,2026-08-02T16:57:02.749+00:00,2026-08-02T16:57:02.962+00:00,200,True,True,213.353,7.837,7.604,205.516,555,610,v3.0-azure-live-replay,2026-08-02T16:57:03.086Z,2026-08-02T16:57:03.094Z,
False,azure-live-20260802T165654Z,msg-00143,historical:064601,2026-05-22T14:08:29.529268800+00:00,2026-08-02T16:57:02.963+00:00,2026-08-02T16:57:03.010+00:00,200,True,True,46.779,7.844,7.585,38.935,555,610,v3.0-azure-live-replay,2026-08-02T16:57:03.131Z,2026-08-02T16:57:03.139Z,
False,azure-live-20260802T165654Z,msg-00144,historical:065053,2026-05-22T14:37:06.819325100+00:00,2026-08-02T16:57:03.011+00:00,2026-08-02T16:57:03.061+00:00,200,True,True,50.232,10.07,9.806,40.162,555,610,v3.0-azure-live-replay,2026-08-02T16:57:03.182Z,2026-08-02T16:57:03.192Z,
False,azure-live-20260802T165654Z,msg-00145,historical:065505,2026-05-22T15:05:54.788792600+00:00,2026-08-02T16:57:03.062+00:00,2026-08-02T16:57:03.111+00:00,200,True,True,48.614,7.578,7.158,41.036,555,610,v3.0-azure-live-replay,2026-08-02T16:57:03.231Z,2026-08-02T16:57:03.239Z,
False,azure-live-20260802T165654Z,msg-00146,historical:065956,2026-05-22T15:33:31.272053800+00:00,2026-08-02T16:57:03.112+00:00,2026-08-02T16:57:03.155+00:00,200,True,True,42.896,6.794,6.55,36.102,555,609,v3.0-azure-live-replay,2026-08-02T16:57:03.280Z,2026-08-02T16:57:03.287Z,
False,azure-live-20260802T165654Z,msg-00147,historical:066408,2026-05-22T16:03:16.543436900+00:00,2026-08-02T16:57:03.156+00:00,2026-08-02T16:57:03.199+00:00,200,True,True,42.875,7.118,6.715,35.757,555,610,v3.0-azure-live-replay,2026-08-02T16:57:03.324Z,2026-08-02T16:57:03.331Z,
False,azure-live-20260802T165654Z,msg-00148,historical:066860,2026-05-22T16:40:32.618983800+00:00,2026-08-02T16:57:03.199+00:00,2026-08-02T16:57:03.269+00:00,200,True,True,69.76,7.724,7.482,62.036,555,610,v3.0-azure-live-replay,2026-08-02T16:57:03.369Z,2026-08-02T16:57:03.376Z,
False,azure-live-20260802T165654Z,msg-00149,historical:067312,2026-05-22T17:08:55.284831100+00:00,2026-08-02T16:57:03.271+00:00,2026-08-02T16:57:03.316+00:00,200,True,True,45.235,6.929,6.668,38.306,555,610,v3.0-azure-live-replay,2026-08-02T16:57:03.441Z,2026-08-02T16:57:03.448Z,
False,azure-live-20260802T165654Z,msg-00150,historical:067763,2026-05-22T17:36:50.772171600+00:00,2026-08-02T16:57:03.317+00:00,2026-08-02T16:57:03.363+00:00,200,True,True,46.485,9.349,8.974,37.136,555,610,v3.0-azure-live-replay,2026-08-02T16:57:03.485Z,2026-08-02T16:57:03.494Z,
False,azure-live-20260802T165654Z,msg-00151,historical:068215,2026-05-22T18:06:29.555191400+00:00,2026-08-02T16:57:03.364+00:00,2026-08-02T16:57:03.415+00:00,200,True,True,50.521,7.31,6.763,43.211,555,609,v3.0-azure-live-replay,2026-08-02T16:57:03.535Z,2026-08-02T16:57:03.543Z,
False,azure-live-20260802T165654Z,msg-00152,historical:068667,2026-05-22T18:34:09.841122400+00:00,2026-08-02T16:57:03.415+00:00,2026-08-02T16:57:03.460+00:00,200,True,True,44.676,7.519,7.266,37.157,555,610,v3.0-azure-live-replay,2026-08-02T16:57:03.583Z,2026-08-02T16:57:03.591Z,
False,azure-live-20260802T165654Z,msg-00153,historical:069119,2026-05-22T19:02:00.341274300+00:00,2026-08-02T16:57:03.461+00:00,2026-08-02T16:57:03.505+00:00,200,True,True,44.448,7.79,7.539,36.658,555,609,v3.0-azure-live-replay,2026-08-02T16:57:03.630Z,2026-08-02T16:57:03.637Z,
False,azure-live-20260802T165654Z,msg-00154,historical:069571,2026-05-22T19:29:41.089029100+00:00,2026-08-02T16:57:03.506+00:00,2026-08-02T16:57:03.553+00:00,200,True,True,47.144,8.357,8.118,38.787,555,610,v3.0-azure-live-replay,2026-08-02T16:57:03.674Z,2026-08-02T16:57:03.682Z,
False,azure-live-20260802T165654Z,msg-00155,historical:070022,2026-05-22T19:56:49.929558800+00:00,2026-08-02T16:57:03.553+00:00,2026-08-02T16:57:03.598+00:00,200,True,True,44.405,7.145,6.902,37.26,555,610,v3.0-azure-live-replay,2026-08-02T16:57:03.722Z,2026-08-02T16:57:03.729Z,
False,azure-live-20260802T165654Z,msg-00156,historical:070474,2026-05-22T20:23:58.639024800+00:00,2026-08-02T16:57:03.598+00:00,2026-08-02T16:57:03.643+00:00,200,True,True,45.023,8.534,8.296,36.489,555,610,v3.0-azure-live-replay,2026-08-02T16:57:03.766Z,2026-08-02T16:57:03.774Z,
False,azure-live-20260802T165654Z,msg-00157,historical:070926,2026-05-22T20:51:20.027353600+00:00,2026-08-02T16:57:03.644+00:00,2026-08-02T16:57:03.689+00:00,200,True,True,44.788,7.027,6.782,37.761,555,610,v3.0-azure-live-replay,2026-08-02T16:57:03.812Z,2026-08-02T16:57:03.819Z,
False,azure-live-20260802T165654Z,msg-00158,historical:071378,2026-05-22T21:18:22.142221200+00:00,2026-08-02T16:57:03.690+00:00,2026-08-02T16:57:03.736+00:00,200,True,True,45.978,8.687,8.437,37.291,555,610,v3.0-azure-live-replay,2026-08-02T16:57:03.858Z,2026-08-02T16:57:03.867Z,
False,azure-live-20260802T165654Z,msg-00159,historical:071829,2026-05-22T21:45:08.719514+00:00,2026-08-02T16:57:03.737+00:00,2026-08-02T16:57:03.781+00:00,200,True,True,44.155,7.725,7.477,36.43,552,610,v3.0-azure-live-replay,2026-08-02T16:57:03.905Z,2026-08-02T16:57:03.913Z,
False,azure-live-20260802T165654Z,msg-00160,historical:072281,2026-05-22T22:13:01.897087100+00:00,2026-08-02T16:57:03.782+00:00,2026-08-02T16:57:03.830+00:00,200,True,True,47.521,7.794,7.551,39.727,555,610,v3.0-azure-live-replay,2026-08-02T16:57:03.953Z,2026-08-02T16:57:03.961Z,
False,azure-live-20260802T165654Z,msg-00161,historical:072733,2026-05-22T22:40:35.586078200+00:00,2026-08-02T16:57:03.831+00:00,2026-08-02T16:57:03.875+00:00,200,True,True,44.139,7.272,7.032,36.867,555,610,v3.0-azure-live-replay,2026-08-02T16:57:03.999Z,2026-08-02T16:57:04.006Z,
False,azure-live-20260802T165654Z,msg-00162,historical:073185,2026-05-22T23:07:41.650884+00:00,2026-08-02T16:57:03.876+00:00,2026-08-02T16:57:03.929+00:00,200,True,True,53.031,7.6,7.347,45.431,552,608,v3.0-azure-live-replay,2026-08-02T16:57:04.047Z,2026-08-02T16:57:04.055Z,
False,azure-live-20260802T165654Z,msg-00163,historical:073636,2026-05-22T23:34:52.948671600+00:00,2026-08-02T16:57:03.930+00:00,2026-08-02T16:57:03.975+00:00,200,True,True,44.527,7.661,7.356,36.866,555,610,v3.0-azure-live-replay,2026-08-02T16:57:04.099Z,2026-08-02T16:57:04.106Z,
False,azure-live-20260802T165654Z,msg-00164,historical:074088,2026-05-23T00:02:03.700056100+00:00,2026-08-02T16:57:03.976+00:00,2026-08-02T16:57:04.021+00:00,200,True,True,45.036,7.598,7.35,37.438,555,609,v3.0-azure-live-replay,2026-08-02T16:57:04.145Z,2026-08-02T16:57:04.153Z,
False,azure-live-20260802T165654Z,msg-00165,historical:074540,2026-05-23T00:30:09.852240900+00:00,2026-08-02T16:57:04.022+00:00,2026-08-02T16:57:04.068+00:00,200,True,True,45.79,7.402,7.151,38.388,555,610,v3.0-azure-live-replay,2026-08-02T16:57:04.191Z,2026-08-02T16:57:04.199Z,
False,azure-live-20260802T165654Z,msg-00166,historical:074992,2026-05-23T00:58:09.247032600+00:00,2026-08-02T16:57:04.069+00:00,2026-08-02T16:57:04.114+00:00,200,True,True,44.7,7.969,7.72,36.731,555,609,v3.0-azure-live-replay,2026-08-02T16:57:04.238Z,2026-08-02T16:57:04.246Z,
False,azure-live-20260802T165654Z,msg-00167,historical:075443,2026-05-23T01:26:03.872889200+00:00,2026-08-02T16:57:04.115+00:00,2026-08-02T16:57:04.161+00:00,200,True,True,46.078,8.293,8.048,37.785,555,610,v3.0-azure-live-replay,2026-08-02T16:57:04.284Z,2026-08-02T16:57:04.292Z,
False,azure-live-20260802T165654Z,msg-00168,historical:075895,2026-05-23T01:53:51.962859300+00:00,2026-08-02T16:57:04.162+00:00,2026-08-02T16:57:04.212+00:00,200,True,True,50.279,6.963,6.699,43.316,555,610,v3.0-azure-live-replay,2026-08-02T16:57:04.335Z,2026-08-02T16:57:04.342Z,
False,azure-live-20260802T165654Z,msg-00169,historical:076347,2026-05-23T02:21:42.162752200+00:00,2026-08-02T16:57:04.213+00:00,2026-08-02T16:57:04.258+00:00,200,True,True,44.795,7.335,7.08,37.46,555,609,v3.0-azure-live-replay,2026-08-02T16:57:04.382Z,2026-08-02T16:57:04.389Z,
False,azure-live-20260802T165654Z,msg-00170,historical:076799,2026-05-23T02:49:47.408244+00:00,2026-08-02T16:57:04.259+00:00,2026-08-02T16:57:04.305+00:00,200,True,True,45.351,8.097,7.84,37.254,552,609,v3.0-azure-live-replay,2026-08-02T16:57:04.428Z,2026-08-02T16:57:04.436Z,
False,azure-live-20260802T165654Z,msg-00171,historical:077250,2026-05-23T03:17:26.303728100+00:00,2026-08-02T16:57:04.306+00:00,2026-08-02T16:57:04.353+00:00,200,True,True,47.509,8.264,7.982,39.245,555,610,v3.0-azure-live-replay,2026-08-02T16:57:04.475Z,2026-08-02T16:57:04.483Z,
False,azure-live-20260802T165654Z,msg-00172,historical:077702,2026-05-23T03:45:06.028734400+00:00,2026-08-02T16:57:04.354+00:00,2026-08-02T16:57:04.410+00:00,200,True,True,56.164,15.142,14.883,41.022,555,612,v3.0-azure-live-replay,2026-08-02T16:57:04.523Z,2026-08-02T16:57:04.538Z,
False,azure-live-20260802T165654Z,msg-00173,historical:078154,2026-05-23T04:13:47.949772100+00:00,2026-08-02T16:57:04.411+00:00,2026-08-02T16:57:04.458+00:00,200,True,True,46.458,7.682,7.424,38.776,555,610,v3.0-azure-live-replay,2026-08-02T16:57:04.581Z,2026-08-02T16:57:04.588Z,
False,azure-live-20260802T165654Z,msg-00174,historical:078606,2026-05-23T04:42:49.428411100+00:00,2026-08-02T16:57:04.459+00:00,2026-08-02T16:57:04.503+00:00,200,True,True,44.43,7.49,7.235,36.94,555,609,v3.0-azure-live-replay,2026-08-02T16:57:04.627Z,2026-08-02T16:57:04.634Z,
False,azure-live-20260802T165654Z,msg-00175,historical:079057,2026-05-23T05:11:17.882377700+00:00,2026-08-02T16:57:04.504+00:00,2026-08-02T16:57:04.548+00:00,200,True,True,43.761,7.165,6.918,36.596,555,610,v3.0-azure-live-replay,2026-08-02T16:57:04.672Z,2026-08-02T16:57:04.679Z,
False,azure-live-20260802T165654Z,msg-00176,historical:079509,2026-05-23T05:39:11.470477600+00:00,2026-08-02T16:57:04.548+00:00,2026-08-02T16:57:04.595+00:00,200,True,True,46.296,9.115,8.88,37.181,555,609,v3.0-azure-live-replay,2026-08-02T16:57:04.716Z,2026-08-02T16:57:04.726Z,
False,azure-live-20260802T165654Z,msg-00177,historical:079961,2026-05-23T06:07:22.721258600+00:00,2026-08-02T16:57:04.595+00:00,2026-08-02T16:57:04.641+00:00,200,True,True,45.784,8.894,8.656,36.89,555,610,v3.0-azure-live-replay,2026-08-02T16:57:04.764Z,2026-08-02T16:57:04.773Z,
False,azure-live-20260802T165654Z,msg-00178,historical:080413,2026-05-23T06:36:04.849872+00:00,2026-08-02T16:57:04.643+00:00,2026-08-02T16:57:04.687+00:00,200,True,True,44.33,6.804,6.567,37.526,552,610,v3.0-azure-live-replay,2026-08-02T16:57:04.812Z,2026-08-02T16:57:04.819Z,
False,azure-live-20260802T165654Z,msg-00179,historical:080865,2026-05-23T07:04:29.141823100+00:00,2026-08-02T16:57:04.688+00:00,2026-08-02T16:57:04.733+00:00,200,True,True,44.659,7.539,7.296,37.12,555,610,v3.0-azure-live-replay,2026-08-02T16:57:04.857Z,2026-08-02T16:57:04.864Z,
False,azure-live-20260802T165654Z,msg-00180,historical:081316,2026-05-23T07:32:20.966879600+00:00,2026-08-02T16:57:04.734+00:00,2026-08-02T16:57:04.783+00:00,200,True,True,49.07,7.901,7.555,41.169,555,610,v3.0-azure-live-replay,2026-08-02T16:57:04.902Z,2026-08-02T16:57:04.910Z,
False,azure-live-20260802T165654Z,msg-00181,historical:081768,2026-05-23T08:00:15.867240600+00:00,2026-08-02T16:57:04.784+00:00,2026-08-02T16:57:04.829+00:00,200,True,True,44.908,7.367,7.118,37.541,555,610,v3.0-azure-live-replay,2026-08-02T16:57:04.953Z,2026-08-02T16:57:04.960Z,
False,azure-live-20260802T165654Z,msg-00182,historical:082220,2026-05-23T08:27:35.861506900+00:00,2026-08-02T16:57:04.831+00:00,2026-08-02T16:57:04.879+00:00,200,True,True,48.06,11.181,10.856,36.879,555,612,v3.0-azure-live-replay,2026-08-02T16:57:04.999Z,2026-08-02T16:57:05.010Z,
False,azure-live-20260802T165654Z,msg-00183,historical:082672,2026-05-23T08:54:52.105710+00:00,2026-08-02T16:57:04.880+00:00,2026-08-02T16:57:04.931+00:00,200,True,True,50.791,8.098,7.826,42.693,552,610,v3.0-azure-live-replay,2026-08-02T16:57:05.053Z,2026-08-02T16:57:05.061Z,
False,azure-live-20260802T165654Z,msg-00184,historical:083123,2026-05-23T09:22:19.949833300+00:00,2026-08-02T16:57:04.932+00:00,2026-08-02T16:57:04.976+00:00,200,True,True,44.041,7.242,7.002,36.799,555,610,v3.0-azure-live-replay,2026-08-02T16:57:05.100Z,2026-08-02T16:57:05.107Z,
False,azure-live-20260802T165654Z,msg-00185,historical:083575,2026-05-23T09:49:50.820402500+00:00,2026-08-02T16:57:04.976+00:00,2026-08-02T16:57:05.022+00:00,200,True,True,45.438,7.351,7.107,38.087,555,610,v3.0-azure-live-replay,2026-08-02T16:57:05.146Z,2026-08-02T16:57:05.153Z,
False,azure-live-20260802T165654Z,msg-00186,historical:084027,2026-05-23T10:17:40.450437400+00:00,2026-08-02T16:57:05.022+00:00,2026-08-02T16:57:05.078+00:00,200,True,True,55.435,13.793,13.552,41.642,555,612,v3.0-azure-live-replay,2026-08-02T16:57:05.192Z,2026-08-02T16:57:05.206Z,
False,azure-live-20260802T165654Z,msg-00187,historical:084479,2026-05-23T10:45:05.142571+00:00,2026-08-02T16:57:05.079+00:00,2026-08-02T16:57:05.125+00:00,200,True,True,46.451,8.193,7.932,38.258,552,610,v3.0-azure-live-replay,2026-08-02T16:57:05.247Z,2026-08-02T16:57:05.255Z,
False,azure-live-20260802T165654Z,msg-00188,historical:084930,2026-05-23T11:12:37.858765200+00:00,2026-08-02T16:57:05.127+00:00,2026-08-02T16:57:05.174+00:00,200,True,True,47.407,10.314,10.063,37.093,555,612,v3.0-azure-live-replay,2026-08-02T16:57:05.295Z,2026-08-02T16:57:05.305Z,
False,azure-live-20260802T165654Z,msg-00189,historical:085382,2026-05-23T11:40:33.718374100+00:00,2026-08-02T16:57:05.175+00:00,2026-08-02T16:57:05.221+00:00,200,True,True,46.12,9.036,8.794,37.084,555,610,v3.0-azure-live-replay,2026-08-02T16:57:05.344Z,2026-08-02T16:57:05.353Z,
False,azure-live-20260802T165654Z,msg-00190,historical:085834,2026-05-23T12:08:28.005776700+00:00,2026-08-02T16:57:05.222+00:00,2026-08-02T16:57:05.268+00:00,200,True,True,45.598,7.591,7.36,38.007,555,609,v3.0-azure-live-replay,2026-08-02T16:57:05.391Z,2026-08-02T16:57:05.399Z,
False,azure-live-20260802T165654Z,msg-00191,historical:086286,2026-05-23T12:38:08.674349100+00:00,2026-08-02T16:57:05.269+00:00,2026-08-02T16:57:05.313+00:00,200,True,True,43.692,7.679,7.44,36.013,555,609,v3.0-azure-live-replay,2026-08-02T16:57:05.437Z,2026-08-02T16:57:05.445Z,
False,azure-live-20260802T165654Z,msg-00192,historical:086737,2026-05-23T13:07:29.744139100+00:00,2026-08-02T16:57:05.314+00:00,2026-08-02T16:57:05.360+00:00,200,True,True,46.606,6.82,6.583,39.786,555,609,v3.0-azure-live-replay,2026-08-02T16:57:05.483Z,2026-08-02T16:57:05.490Z,
False,azure-live-20260802T165654Z,msg-00193,historical:087189,2026-05-23T13:36:15.828950600+00:00,2026-08-02T16:57:05.361+00:00,2026-08-02T16:57:05.407+00:00,200,True,True,45.247,7.446,7.205,37.801,555,610,v3.0-azure-live-replay,2026-08-02T16:57:05.529Z,2026-08-02T16:57:05.537Z,
False,azure-live-20260802T165654Z,msg-00194,historical:087641,2026-05-23T14:05:32.731615100+00:00,2026-08-02T16:57:05.408+00:00,2026-08-02T16:57:05.452+00:00,200,True,True,44.877,7.506,7.262,37.371,555,610,v3.0-azure-live-replay,2026-08-02T16:57:05.576Z,2026-08-02T16:57:05.583Z,
False,azure-live-20260802T165654Z,msg-00195,historical:088093,2026-05-23T14:33:42.988376200+00:00,2026-08-02T16:57:05.453+00:00,2026-08-02T16:57:05.503+00:00,200,True,True,49.611,10.746,10.503,38.865,555,612,v3.0-azure-live-replay,2026-08-02T16:57:05.622Z,2026-08-02T16:57:05.633Z,
False,azure-live-20260802T165654Z,msg-00196,historical:088544,2026-05-23T15:02:30.985383600+00:00,2026-08-02T16:57:05.504+00:00,2026-08-02T16:57:05.556+00:00,200,True,True,51.991,14.94,14.699,37.051,555,611,v3.0-azure-live-replay,2026-08-02T16:57:05.672Z,2026-08-02T16:57:05.687Z,
False,azure-live-20260802T165654Z,msg-00197,historical:088996,2026-05-23T15:27:01.829493500+00:00,2026-08-02T16:57:05.557+00:00,2026-08-02T16:57:05.619+00:00,200,True,True,61.333,7.508,7.243,53.825,555,610,v3.0-azure-live-replay,2026-08-02T16:57:05.742Z,2026-08-02T16:57:05.749Z,
False,azure-live-20260802T165654Z,msg-00198,historical:089448,2026-05-23T15:51:48.211318500+00:00,2026-08-02T16:57:05.620+00:00,2026-08-02T16:57:05.665+00:00,200,True,True,44.447,8.141,7.901,36.306,555,610,v3.0-azure-live-replay,2026-08-02T16:57:05.788Z,2026-08-02T16:57:05.796Z,
False,azure-live-20260802T165654Z,msg-00199,historical:089900,2026-05-23T16:17:37.295844500+00:00,2026-08-02T16:57:05.665+00:00,2026-08-02T16:57:05.710+00:00,200,True,True,44.773,7.085,6.854,37.688,555,610,v3.0-azure-live-replay,2026-08-02T16:57:05.834Z,2026-08-02T16:57:05.841Z,
False,azure-live-20260802T165654Z,msg-00200,historical:090351,2026-05-23T16:44:06.837296+00:00,2026-08-02T16:57:05.711+00:00,2026-08-02T16:57:05.756+00:00,200,True,True,45.133,7.388,7.154,37.745,552,610,v3.0-azure-live-replay,2026-08-02T16:57:05.880Z,2026-08-02T16:57:05.887Z,
False,azure-live-20260802T165654Z,msg-00201,historical:090803,2026-05-23T17:08:39.312474200+00:00,2026-08-02T16:57:05.758+00:00,2026-08-02T16:57:05.808+00:00,200,True,True,50.473,7.644,7.408,42.829,555,610,v3.0-azure-live-replay,2026-08-02T16:57:05.926Z,2026-08-02T16:57:05.934Z,
False,azure-live-20260802T165654Z,msg-00202,historical:091255,2026-05-23T17:33:00.484714900+00:00,2026-08-02T16:57:05.810+00:00,2026-08-02T16:57:05.856+00:00,200,True,True,45.827,8.237,7.917,37.59,555,610,v3.0-azure-live-replay,2026-08-02T16:57:05.978Z,2026-08-02T16:57:05.987Z,
False,azure-live-20260802T165654Z,msg-00203,historical:091707,2026-05-23T17:57:34.713086800+00:00,2026-08-02T16:57:05.857+00:00,2026-08-02T16:57:05.902+00:00,200,True,True,45.348,7.57,7.333,37.778,555,609,v3.0-azure-live-replay,2026-08-02T16:57:06.025Z,2026-08-02T16:57:06.033Z,
False,azure-live-20260802T165654Z,msg-00204,historical:092159,2026-05-23T18:22:06.727676100+00:00,2026-08-02T16:57:05.903+00:00,2026-08-02T16:57:05.953+00:00,200,True,True,49.424,7.318,7.084,42.106,555,610,v3.0-azure-live-replay,2026-08-02T16:57:06.077Z,2026-08-02T16:57:06.084Z,
